<?xml version="1.0" encoding="UTF-8"?>
<schemalist gettext-domain="accent-color-icons-theme-extension">
    <schema id="org.gnome.shell.extensions.accent-icons-theme"
            path="/org/gnome/shell/extensions/accent-icons-theme/">
        <key type="b" name="change-app-colors">
            <default>true</default>
            <summary>Whether to change app icons based on accent color and color scheme</summary>
            <description>Enables or disables changing app icons based on accent color and color scheme</description>
        </key>
        
        <!-- Add keys for custom themes -->
        <key type="s" name="blue-theme-light">
            <default>"Fluent-light"</default>
            <summary>Custom icons theme for blue accent</summary>
        </key>
        <key type="s" name="teal-theme-light">
            <default>"Fluent-light"</default>
            <summary>Custom icons theme for teal accent</summary>
        </key>
        <key type="s" name="green-theme-light">
            <default>"Fluent-green-light"</default>
            <summary>Custom icons theme for green accent</summary>
        </key>
        <key type="s" name="yellow-theme-light">
            <default>"Fluent-yellow-light"</default>
            <summary>Custom icons theme for yellow accent</summary>
        </key>
        <key type="s" name="orange-theme-light">
            <default>"Fluent-orange-light"</default>
            <summary>Custom icons theme for orange accent</summary>
        </key>
        <key type="s" name="red-theme-light">
            <default>"Fluent-red-light"</default>
            <summary>Custom icons theme for red accent</summary>
        </key>
        <key type="s" name="pink-theme-light">
            <default>"Fluent-pink-light"</default>
            <summary>Custom icons theme for pink accent</summary>
        </key>
        <key type="s" name="purple-theme-light">
            <default>"Fluent-purple-light"</default>
            <summary>Custom icons theme for purple accent</summary>
        </key>
        <key type="s" name="slate-theme-light">
            <default>"Fluent-grey-light"</default>
            <summary>Custom icons theme for slate accent</summary>
        </key>
        <key type="s" name="blue-theme-dark">
            <default>"Fluent-dark"</default>
            <summary>Custom icons theme for blue accent</summary>
        </key>
        <key type="s" name="teal-theme-dark">
            <default>"Fluent-dark"</default>
            <summary>Custom icons theme for teal accent</summary>
        </key>
        <key type="s" name="green-theme-dark">
            <default>"Fluent-green-dark"</default>
            <summary>Custom icons theme for green accent</summary>
        </key>
        <key type="s" name="yellow-theme-dark">
            <default>"Fluent-yellow-dark"</default>
            <summary>Custom icons theme for yellow accent</summary>
        </key>
        <key type="s" name="orange-theme-dark">
            <default>"Fluent-orange-dark"</default>
            <summary>Custom icons theme for orange accent</summary>
        </key>
        <key type="s" name="red-theme-dark">
            <default>"Fluent-red-dark"</default>
            <summary>Custom icons theme for red accent</summary>
        </key>
        <key type="s" name="pink-theme-dark">
            <default>"Fluent-pink-dark"</default>
            <summary>Custom icons theme for pink accent</summary>
        </key>
        <key type="s" name="purple-theme-dark">
            <default>"Fluent-purple-dark"</default>
            <summary>Custom icons theme for purple accent</summary>
        </key>
        <key type="s" name="slate-theme-dark">
            <default>"Fluent-grey-dark"</default>
            <summary>Custom icons theme for slate accent</summary>
        </key>
    </schema>
</schemalist>