[
  {
    "id": "bfaea783-5d7b-4ef5-9e79-c8a61fa8f67e",
    "name": "lofi hip hop radio 📚 beats to relax/study to",
    "order": 0,
    "useYtdlp": true,
    "uri": "https://www.youtube.com/watch?v=jfKfPfyJRdk"
  },
  {
      "id": "8e7cd4cb-1170-4727-98a9-25d60f57e50f",
      "name": "Chopin - Nocturne op.9 No.2",
      "order": 1,
      "useYtdlp": true,
      "uri": "https://www.youtube.com/watch?v=9E6b3swbnWg"
  },
  {
      "id": "68b8c1cb-c5ab-4a1f-b673-71fe62c8375b",
      "name": "The Best of Mozart",
      "order": 2,
      "useYtdlp": true,
      "uri": "https://www.youtube.com/watch?v=Rb0UmrCXxVA"
  },
  {
      "id": "62ec69eb-29a3-4848-bd00-38b878b0a2fc",
      "name": "asian lofi radio ⛩️ beats to relax/study to",
      "order": 3,
      "useYtdlp": true,
      "uri": "https://www.youtube.com/watch?v=Na0w3Mz46GA"
  }
]