{
  "_generated": "Generated by SweetTooth, do not edit",
  "description": "A tray radio extension to listen, search and manage radio stations, Youtube videos. In app search a database of 53000 radio stations and youtube. IMPORTANT: Requires installation of yt-dlp and GStreamer.",
  "gettext-domain": "radiokayra@dokaton.com",
  "name": "Radio Kayra",
  "settings-schema": "org.gnome.shell.extensions.radiokayra",
  "shell-version": [
    "46",
    "47",
    "48"
  ],
  "url": "https://github.com/ayhanavci/radiokayra",
  "uuid": "radiokayra@dokaton.com",
  "version": 7
}