<?xml version="1.0" encoding="UTF-8"?>
<schemalist gettext-domain="set-notification-position">
    <schema id="org.gnome.shell.extensions.set-notification-position"
            path="/org/gnome/shell/extensions/set-notification-position/">

        <!-- Add keys for custom themes -->
        <key type="i" name="change-banner-position">
            <range min="0" max="8"/>
            <default>0</default>
            <summary>Change notification position</summary>
            <description>Control where on the screen appear notification</description>
        </key>
    </schema>
</schemalist>