{
  "_generated": "Generated by SweetTooth, do not edit",
  "description": "Makes GTK theme to follow system accent color and color scheme Light or Dark, a fork from https://github.com/taiwbi/gnome-accent-directories\n\n For WhiteSur theme please read README.md from source code on github\n\n This extension is included by default in BRGV-OS and AnduinOS",
  "name": "Accent gtk theme",
  "settings-schema": "org.gnome.shell.extensions.accent-gtk-theme",
  "shell-version": [
    "47",
    "48",
    "49"
  ],
  "url": "https://github.com/florintanasa/accent-gtk-theme",
  "uuid": "accent-gtk-theme@brgvos",
  "version": 8,
  "version-name": "5"
}