{
  "_generated": "Generated by SweetTooth, do not edit",
  "description": "Changes position of the notification banner\n\n This extension is included by default in BRGV-OS and AnduinOS",
  "name": "Set Notification Banner Position",
  "settings-schema": "org.gnome.shell.extensions.set-notification-position",
  "shell-version": [
    "45",
    "46",
    "47",
    "48",
    "49"
  ],
  "url": "https://github.com/florintanasa/set-notification-position",
  "uuid": "set-notification-position@brgvos",
  "version": 3,
  "version-name": "2"
}