{
  "_generated": "Generated by SweetTooth, do not edit",
  "description": "Makes GTK theme to follow system accent color and color scheme Light or Dark, a fork from https://github.com/taiwbi/gnome-accent-directories\n\n For WhiteSur theme please read README.md from source code on github",
  "name": "Accent gtk theme",
  "settings-schema": "org.gnome.shell.extensions.accent-gtk-theme",
  "shell-version": [
    "47",
    "48"
  ],
  "url": "https://github.com/florintanasa/accent-gtk-theme",
  "uuid": "accent-gtk-theme@brgvos",
  "version": 7,
  "version-name": "4"
}