{
  "_generated": "Generated by SweetTooth, do not edit",
  "description": "Makes icons follow system accent color and color scheme Light or Dark, a fork from https://github.com/taiwbi/gnome-accent-directories\n\n This extension is included by default in BRGV-OS and AnduinOS",
  "name": "Accent icons theme",
  "settings-schema": "org.gnome.shell.extensions.accent-icons-theme",
  "shell-version": [
    "47",
    "48",
    "49"
  ],
  "url": "https://github.com/florintanasa/accent-icons-theme",
  "uuid": "accent-icons-theme@brgvos",
  "version": 4,
  "version-name": "3"
}