{
  "_generated": "Generated by SweetTooth, do not edit",
  "description": "Makes user themes to follow system accent color and color scheme Light or Dark, a fork from https://github.com/taiwbi/gnome-accent-directories\n\n This extension is included by default in BRGV-OS and AnduinOS",
  "name": "Accent user theme",
  "settings-schema": "org.gnome.shell.extensions.accent-user-theme",
  "shell-version": [
    "47",
    "48",
    "49"
  ],
  "url": "https://github.com/florintanasa/accent-user-theme",
  "uuid": "accent-user-theme@brgvos",
  "version": 3,
  "version-name": "2"
}