{
  "_generated": "Generated by SweetTooth, do not edit",
  "description": "The most popular clipboard manager for GNOME, with over 1M downloads",
  "gettext-domain": "clipboard-indicator",
  "name": "Clipboard Indicator",
  "settings-schema": "org.gnome.shell.extensions.clipboard-indicator",
  "shell-version": [
    "46",
    "47",
    "48",
    "49"
  ],
  "url": "https://github.com/Tudmotu/gnome-shell-extension-clipboard-indicator",
  "uuid": "clipboard-indicator@tudmotu.com",
  "version": 69
}