<?xml version="1.0" encoding="UTF-8"?>
<schemalist>
  <schema id="org.gnome.shell.extensions.radiokayra" path="/org/gnome/shell/extensions/radiokayra/">
    <key name="channelschangedevent" type="s">
      <default>""</default>
      <summary>Channel Event</summary>
      <description>Used Internally to update list</description>
    </key>
    <key name="lastplayed" type="s">
      <default>""</default>
      <summary>Last Played Channel</summary>
      <description></description>
    </key>
    <key name="volumelevel" type="d">
      <default>0.5</default>
      <summary>Volume Level</summary>
      <description></description>
    </key>
    <key name="panelheight" type="i">
      <default>300</default>
      <summary>Panel Height</summary>
      <description></description>
    </key>
    <key name="showsongtooltip" type="b">
        <default>true</default>
        <summary>Display song tooltip</summary>
        <description>
            If true, shows the song, artist, station info when hovered over the radio icon
        </description>
    </key>
    <key name="rightclicksettings" type="b">
        <default>true</default>
        <summary>Opens the settings on right click</summary>
        <description>
            If true, opens the settings window when right clicked on the radio icon.
        </description>
    </key>
    <key name="rightclickcopysong" type="b">
        <default>false</default>
        <summary>Copy the song title on right click</summary>
        <description>
            If true, copies the song title into clipboard when right clicked on the radio icon.
        </description>
    </key>
    <key name="gnomesearch" type="b">
        <default>true</default>
        <summary>Enable native gnome search support</summary>
        <description>
            If true, can search for saved stations and play them using Gnome search.
        </description>
    </key>
  </schema>
</schemalist>
