{
  "_generated": "Generated by SweetTooth, do not edit",
  "description": "Extend Gnome Shell with advanced tiling window management. Supports multiple monitors, Windows 11 Snap Assistant, Fancy Zones, automatic tiling, keyboard shortcuts, customised tiling layouts and more!",
  "donations": {
    "kofi": "domferr",
    "patreon": "domferr"
  },
  "gettext-domain": "tilingshell",
  "name": "Tiling Shell",
  "settings-schema": "org.gnome.shell.extensions.tilingshell",
  "shell-version": [
    "45",
    "46",
    "47",
    "48",
    "49"
  ],
  "url": "https://github.com/domferr/tilingshell",
  "uuid": "tilingshell@ferrarodomenico.com",
  "version": 59,
  "version-name": "17.0"
}