{
  "_generated": "Generated by SweetTooth, do not edit",
  "description": "Replaces the top-panel workspace indicator with an i3-like workspaces bar.\n\nOriginally a fork of the extension Workspaces Bar by fthx, this extension grew into a more comprehensive set of features to support a workspace-based workflow.\n\nFeatures:\n-   First class support for static and dynamic workspaces as well as multi-monitor setups\n-   Add, remove, and rename workspaces\n-   Rearrange workspaces via drag and drop\n-   Automatically assign workspace names based on started applications\n-   Keyboard shortcuts extend and refine system shortcuts\n-   Scroll through workspaces by mouse wheel over the panel\n-   Customize the appearance",
  "name": "Space Bar",
  "settings-schema": "org.gnome.shell.extensions.space-bar",
  "shell-version": [
    "46",
    "47",
    "48"
  ],
  "url": "https://github.com/christopher-l/space-bar",
  "uuid": "space-bar@luchrioh",
  "version": 33
}